target_expression,sequence,prediction,error,h35_count,h10_count,total_count
0.0,AATACTAGAGGTCTTCCGACCTCTTGGCTTTGCAATGCCGTTCTAATGGCGTGTGGGCGGGAAGACAACTAGGGG,0.12744483,0.12744486331939697,0,5,5
0.0,AATACTAGAGGTCTTCCGACCATTTGACTTGCCCGCCAATTTCTTGCGTTGTGTGGGCGGGAAGACAACTAGGGG,0.1340608,0.134060800075531,5,0,5
0.0,AATACTAGAGGTCTTCCGACGCTTTGGATTGTCCCCGCCCTTATCTGTGGGTGTGGGCGGGAAGACAACTAGGGG,0.13918075,0.13918077945709229,0,0,0
0.0,AATACTAGAGGTCTTCCGACCCTAAGTTGGTTGACGTTCGTGCTCTCTAGGTGTGGGCGGGAAGACAACTAGGGG,0.11510013,0.11510014533996582,5,0,5
0.0,AATACTAGAGGTCTTCCGACGCATTCGTTATTGGCACCCCCGCGCTCGAGGTGTGGGCGGGAAGACAACTAGGGG,0.10728669,0.10728669166564941,5,0,5
0.0,AATACTAGAGGTCTTCCGACCTATTCGTTCTTGCCCGTCGTTAGCGCGTGGTGTGGGCGGGAAGACAACTAGGGG,0.12572786,0.12572789192199707,0,0,0
0.0,AATACTAGAGGTCTTCCGACCCTATGTGGCCATTCCCTCGGCTTGGCAACGTGTGGGCGGGAAGACAACTAGGGG,0.13705488,0.13705486059188843,5,0,5
0.0,AATACTAGAGGTCTTCCGACCTATTTCCTTGACCGGCGTTCGCGCTCGCGGTGTGGGCGGGAAGACAACTAGGGG,0.13354023,0.13354021310806274,5,0,5
0.0,AATACTAGAGGTCTTCCGACCTATTCGTCATTGCACGCGTTTGGCCGTGGGTGTGGGCGGGAAGACAACTAGGGG,0.13472137,0.13472139835357666,0,0,0
0.0,AATACTAGAGGTCTTCCGACCCTAAATCGTAGTTGCACGTTTCTCGCGTGGTGTGGGCGGGAAGACAACTAGGGG,0.13466904,0.13466906547546387,0,0,0
0.0,AATACTAGAGGTCTTCCGACCTATTTTCTTGACCCCGCTTTCCTTGCATCGTGTGGGCGGGAAGACAACTAGGGG,0.12868613,0.12868613004684448,5,0,5
0.0,AATACTAGAGGTCTTCCGACCCTATCTCTTGACCCCGTTCCTGCGCTGGGGTGTGGGCGGGAAGACAACTAGGGG,0.13026959,0.1302695870399475,5,0,5
0.0,AATACTAGAGGTCTTCCGACCTATTGTCGCCCCTTGAGTTCATTTGACGCGTGTGGGCGGGAAGACAACTAGGGG,0.13179299,0.13179302215576172,5,0,5
0.0,AATACTAGAGGTCTTCCGACCTATTCGTAGTTGCCGTTAGCGCTCGCGAGGTGTGGGCGGGAAGACAACTAGGGG,0.123588026,0.12358802556991577,0,0,0
0.0,AATACTAGAGGTCTTCCGACCTATTCGTTCTTGCGCGTTCCTGGCGTGAGGTGTGGGCGGGAAGACAACTAGGGG,0.12753725,0.12753725051879883,0,0,0
0.0,AATACTAGAGGTCTTCCGACCTCTTGCCTTGCCCATGCCCAAAATGCAAGGTGTGGGCGGGAAGACAACTAGGGG,0.14464217,0.144642174243927,0,0,0
0.0,AATACTAGAGGTCTTCCGACGCATTCGTTATTGGCACCCCACGCTTAAGAGTGTGGGCGGGAAGACAACTAGGGG,0.106154814,0.10615479946136475,5,0,5
0.0,AATACTAGAGGTCTTCCGACGCTTTGGCTTTGCTACCAACGCGCCTCGGTGTGTGGGCGGGAAGACAACTAGGGG,0.13451111,0.13451111316680908,0,0,0
0.0,AATACTAGAGGTCTTCCGACCTATTTTCTTGACCCCGCCGTTCTAGTTGCGTGTGGGCGGGAAGACAACTAGGGG,0.12925783,0.12925779819488525,5,0,5
0.0,AATACTAGAGGTCTTCCGACGCATTTTGGATTGGCCGCCCACTCTGTGGGGTGTGGGCGGGAAGACAACTAGGGG,0.123710856,0.12371087074279785,0,0,0
0.1,AATACTAGAGGTCTTCCGACCTCTTGCCTTTGCCCAGCCGTTCTAATTGCGTGTGGGCGGGAAGACAACTAGGGG,0.12949346,0.02949345111846924,0,5,5
0.1,AATACTAGAGGTCTTCCGACCTATTGTTGCCCCCCTTCACTTTGTTGACAGTGTGGGCGGGAAGACAACTAGGGG,0.12527066,0.02527064085006714,6,0,6
0.1,AATACTAGAGGTCTTCCGACCCTAGCCTTTTGCATCCAACCGCACGCGAGGTGTGGGCGGGAAGACAACTAGGGG,0.12875846,0.028758466243743896,0,0,0
0.1,AATACTAGAGGTCTTCCGACGCATTCGTTATTGGCACCCCACGCTTTGAGGTGTGGGCGGGAAGACAACTAGGGG,0.10787353,0.00787353515625,5,0,5
0.1,AATACTAGAGGTCTTCCGACCTCTTGCATTGCCCCCGCTCCTAATGTTGCGTGTGGGCGGGAAGACAACTAGGGG,0.13649929,0.0364992618560791,0,0,0
0.1,AATACTAGAGGTCTTCCGACCCTAATTCGGCTTGTCGCCCCCGCTCTGAGGTGTGGGCGGGAAGACAACTAGGGG,0.13431972,0.03431969881057739,0,0,0
0.1,AATACTAGAGGTCTTCCGACCCTAAGTCTCTTGACAGCCCCTTGCCTGAGGTGTGGGCGGGAAGACAACTAGGGG,0.13462068,0.034620702266693115,6,0,6
0.1,AATACTAGAGGTCTTCCGACCCTATGTCTTGACCCCGTTCCTTGCGTGAGGTGTGGGCGGGAAGACAACTAGGGG,0.12989578,0.029895782470703125,5,0,5
0.1,AATACTAGAGGTCTTCCGACCCCTAATGGTCGTCGCATGCCTGCGCTGAGGTGTGGGCGGGAAGACAACTAGGGG,0.14551553,0.04551553726196289,0,0,0
0.1,AATACTAGAGGTCTTCCGACCTCTTGTCTTGGCCCCGTTCTTAGCTTGTTGTGTGGGCGGGAAGACAACTAGGGG,0.13462994,0.0346299409866333,0,0,0
0.1,AATACTAGAGGTCTTCCGACCCCTAATGGAGTTGCCACCTTGCGCTCGTGGTGTGGGCGGGAAGACAACTAGGGG,0.12791157,0.02791154384613037,5,0,5
0.1,AATACTAGAGGTCTTCCGACCTATTCTCTTGACCCCGTTCCTTGCGTTGGGTGTGGGCGGGAAGACAACTAGGGG,0.12075979,0.02075982093811035,5,0,5
0.1,AATACTAGAGGTCTTCCGACCTATTGTCGCCACTTGCCCTTCTTGGCCACGTGTGGGCGGGAAGACAACTAGGGG,0.13698307,0.03698307275772095,0,0,0
0.1,AATACTAGAGGTCTTCCGACCTATTGGCTTTTGCCGGTCGTCCCTGCAGGGTGTGGGCGGGAAGACAACTAGGGG,0.13593698,0.035936951637268066,0,0,0
0.1,AATACTAGAGGTCTTCCGACCTATTCGGCATTGGCACCCCCGCATCTGTTGTGTGGGCGGGAAGACAACTAGGGG,0.13007987,0.03007984161376953,5,0,5
0.1,AATACTAGAGGTCTTCCGACCCTGGCGTTATTGCCCCCCCACGCGCTAGGGTGTGGGCGGGAAGACAACTAGGGG,0.11826587,0.018265843391418457,0,0,0
0.1,AATACTAGAGGTCTTCCGACCTATTCTTGACACCCCACGTTCCTTCGTACGTGTGGGCGGGAAGACAACTAGGGG,0.13981688,0.039816856384277344,6,0,6
0.1,AATACTAGAGGTCTTCCGACCTATTCGTAGTTGCCCCACGTTATTGCGTGGTGTGGGCGGGAAGACAACTAGGGG,0.13149059,0.03149056434631348,0,0,0
0.1,AATACTAGAGGTCTTCCGACCCTAATTCTTGCCCGCCACCCCACGCGTAGGTGTGGGCGGGAAGACAACTAGGGG,0.13928404,0.03928405046463013,0,0,0
0.1,AATACTAGAGGTCTTCCGACCTTATGGGTATTGACGTTCTTCCCCGCATGGTGTGGGCGGGAAGACAACTAGGGG,0.12290693,0.022906899452209473,5,0,5
0.2,AATACTAGAGGTCTTCCGACCTACACCTGTTTATCCCAAGCACCACAGAGGTGTGGGCGGGAAGACAACTAGGGG,0.1999967,3.337860107421875e-06,0,0,0
0.2,AATACTAGAGGTCTTCCGACCTTCAGTCGCACAACCTCCATACCGTTGCGGTGTGGGCGGGAAGACAACTAGGGG,0.1999933,6.67572021484375e-06,0,0,0
0.2,AATACTAGAGGTCTTCCGACCCTACCGCTATGCAACGACAGCCCTGCTCTGTGTGGGCGGGAAGACAACTAGGGG,0.19999896,1.0728836059570312e-06,0,0,0
0.2,AATACTAGAGGTCTTCCGACCTAGACGCTTTTAGCACCTCGTCGGCGAGGGTGTGGGCGGGAAGACAACTAGGGG,0.20000464,4.649162292480469e-06,0,0,0
0.2,AATACTAGAGGTCTTCCGACGGTGAGAACTTCCCGCAATCCAACTCTTGCGTGTGGGCGGGAAGACAACTAGGGG,0.19999869,1.3113021850585938e-06,0,0,0
0.2,AATACTAGAGGTCTTCCGACCCTATTTCGCCGTGTCCCGTCTGCTCACTCGTGTGGGCGGGAAGACAACTAGGGG,0.20000303,3.039836883544922e-06,0,0,0
0.2,AATACTAGAGGTCTTCCGACGCCTCCGCCCTTGTGCCGCACCTCCTTGTGGTGTGGGCGGGAAGACAACTAGGGG,0.20000039,3.5762786865234375e-07,0,0,0
0.2,AATACTAGAGGTCTTCCGACTCAGGCCTATGCACACCCCAACCCTCAGGCGTGTGGGCGGGAAGACAACTAGGGG,0.19999957,4.172325134277344e-07,0,0,0
0.2,AATACTAGAGGTCTTCCGACTCCGCTCGTTTCTCCACGTTGCGCGATGGTGTGTGGGCGGGAAGACAACTAGGGG,0.20000046,4.76837158203125e-07,0,0,0
0.2,AATACTAGAGGTCTTCCGACGACGTCGTTTGCACACAAGTGCAAACGCGTGTGTGGGCGGGAAGACAACTAGGGG,0.20000084,8.344650268554688e-07,0,0,0
0.2,AATACTAGAGGTCTTCCGACGCCTATTTGCAAGACCCTTCGCCTCTGCGTGTGTGGGCGGGAAGACAACTAGGGG,0.20001084,1.0848045349121094e-05,0,0,0
0.2,AATACTAGAGGTCTTCCGACGACGTGCGCTGTCCACCGTCGCAGTCTGTGGTGTGGGCGGGAAGACAACTAGGGG,0.19999999,0.0,0,0,0
0.2,AATACTAGAGGTCTTCCGACCCTAGCTCGACACGAGCCCGACGGTTCGCTGTGTGGGCGGGAAGACAACTAGGGG,0.19999908,9.5367431640625e-07,5,0,5
0.2,AATACTAGAGGTCTTCCGACGCCGAGGCGTTCCTGCCGCCGGACGCGCGCGTGTGGGCGGGAAGACAACTAGGGG,0.19999543,4.589557647705078e-06,0,0,0
0.2,AATACTAGAGGTCTTCCGACCTAGTTCGCATATGCCTAGCCGGTGCTGTGGTGTGGGCGGGAAGACAACTAGGGG,0.20000555,5.543231964111328e-06,0,0,0
0.2,AATACTAGAGGTCTTCCGACGCCCCGGCAGAGGCGCAACCCCACCGTCGTGTGTGGGCGGGAAGACAACTAGGGG,0.20000099,9.5367431640625e-07,0,0,0
0.2,AATACTAGAGGTCTTCCGACCTACTCGGCGTGCGCGGAGGCCCTTCGTCCGTGTGGGCGGGAAGACAACTAGGGG,0.20000091,8.940696716308594e-07,0,0,0
0.2,AATACTAGAGGTCTTCCGACTCGCACGAGGTTACCCGGCCTTGCCTGCTCGTGTGGGCGGGAAGACAACTAGGGG,0.19999644,3.5762786865234375e-06,0,0,0
0.2,AATACTAGAGGTCTTCCGACCCCCCTTCTTCTCGCCGACCACACGCGTGCGTGTGGGCGGGAAGACAACTAGGGG,0.20000857,8.58306884765625e-06,0,0,0
0.2,AATACTAGAGGTCTTCCGACCCTGTGTGCAGACCCAGCGTTCCGATTGTCGTGTGGGCGGGAAGACAACTAGGGG,0.19999963,3.5762786865234375e-07,0,0,0
0.30000000000000004,AATACTAGAGGTCTTCCGACCATCTCCCGTAGGGTTCTGTGCAGCAGCGCGTGTGGGCGGGAAGACAACTAGGGG,0.30000144,1.430511474609375e-06,0,0,0
0.30000000000000004,AATACTAGAGGTCTTCCGACTGCCATATGACGGGTACGACGCCATTACCGGTGTGGGCGGGAAGACAACTAGGGG,0.30000055,5.364418029785156e-07,0,0,0
0.30000000000000004,AATACTAGAGGTCTTCCGACATTAATCCCTCTGAAGCCGTACTGTTTCTGGTGTGGGCGGGAAGACAACTAGGGG,0.30003113,3.1113624572753906e-05,0,0,0
0.30000000000000004,AATACTAGAGGTCTTCCGACACCCATTACCAGAGTAACCACAGGGGGAGTGTGTGGGCGGGAAGACAACTAGGGG,0.2999989,1.0728836059570312e-06,0,0,0
0.30000000000000004,AATACTAGAGGTCTTCCGACCGTGATACAGGCCTGATTACATGGCTGTCAGTGTGGGCGGGAAGACAACTAGGGG,0.30000153,1.5497207641601562e-06,0,0,0
0.30000000000000004,AATACTAGAGGTCTTCCGACCGAACCACCGACATACCATCCTTGAACCCAGTGTGGGCGGGAAGACAACTAGGGG,0.29999924,7.748603820800781e-07,0,0,0
0.30000000000000004,AATACTAGAGGTCTTCCGACGTCAGTCGGTCCCAAAAGAAGAAACACAATGTGTGGGCGGGAAGACAACTAGGGG,0.29999214,7.867813110351562e-06,0,0,0
0.30000000000000004,AATACTAGAGGTCTTCCGACGCGCCGCCTTAAGCATGTCTGCTAGAGCTGGTGTGGGCGGGAAGACAACTAGGGG,0.2999989,1.0728836059570312e-06,0,0,0
0.30000000000000004,AATACTAGAGGTCTTCCGACATCGTGGCTCGGAGGTGCATGCTACTAGTGGTGTGGGCGGGAAGACAACTAGGGG,0.3000014,1.430511474609375e-06,0,0,0
0.30000000000000004,AATACTAGAGGTCTTCCGACTAGGGGCGCTCTCGCTCGTCGGACCAGCGGGTGTGGGCGGGAAGACAACTAGGGG,0.299977,2.300739288330078e-05,0,0,0
0.30000000000000004,AATACTAGAGGTCTTCCGACTGCGCCATGATAGTCTTAACCCACCCGATCGTGTGGGCGGGAAGACAACTAGGGG,0.3000024,2.384185791015625e-06,0,0,0
0.30000000000000004,AATACTAGAGGTCTTCCGACTGCATAGTCTGTTCCGGCGGAGCGGTATGTGTGTGGGCGGGAAGACAACTAGGGG,0.30000108,1.0728836059570312e-06,0,0,0
0.30000000000000004,AATACTAGAGGTCTTCCGACCTATAGTGGATAGCACGAAGAGCCCACTCGGTGTGGGCGGGAAGACAACTAGGGG,0.30000222,2.205371856689453e-06,0,5,5
0.30000000000000004,AATACTAGAGGTCTTCCGACAGCTCTTGAGGCAACACTGCTACCTCCCCAGTGTGGGCGGGAAGACAACTAGGGG,0.29999804,1.9669532775878906e-06,0,0,0
0.30000000000000004,AATACTAGAGGTCTTCCGACTAGAAGGAATCTTGAAGAGAACCCAGTTATGTGTGGGCGGGAAGACAACTAGGGG,0.29999125,8.761882781982422e-06,0,0,0
0.30000000000000004,AATACTAGAGGTCTTCCGACCAACGGCATGAGGTGCGAAAAGCTATAGGGGTGTGGGCGGGAAGACAACTAGGGG,0.30000055,5.364418029785156e-07,0,0,0
0.30000000000000004,AATACTAGAGGTCTTCCGACCTGAGCAGGATAGGGAGACCTATACGCAAAGTGTGGGCGGGAAGACAACTAGGGG,0.2999997,2.980232238769531e-07,0,0,0
0.30000000000000004,AATACTAGAGGTCTTCCGACGTATTATTCTGCTTGGTCAACCCTCAACAAGTGTGGGCGGGAAGACAACTAGGGG,0.3000004,3.5762786865234375e-07,0,5,5
0.30000000000000004,AATACTAGAGGTCTTCCGACGCTAACTTTGATCCCGACTAGGGACGAGAGGTGTGGGCGGGAAGACAACTAGGGG,0.30000007,5.960464477539063e-08,0,0,0
0.30000000000000004,AATACTAGAGGTCTTCCGACTCACCCCTAATTCGTCCTTTACTAGGGGTGGTGTGGGCGGGAAGACAACTAGGGG,0.30000156,1.5497207641601562e-06,0,0,0
0.4,AATACTAGAGGTCTTCCGACACCATAATAAATCCCACTAGAGTAGAAAGGGTGTGGGCGGGAAGACAACTAGGGG,0.39998126,1.8715858459472656e-05,0,5,5
0.4,AATACTAGAGGTCTTCCGACGAGTCAAAATCTGAGGATTGTATCTCAGAAGTGTGGGCGGGAAGACAACTAGGGG,0.3999986,1.430511474609375e-06,0,0,0
0.4,AATACTAGAGGTCTTCCGACACTGAACTCCCATTGGTTCCTTGAACTAGAGTGTGGGCGGGAAGACAACTAGGGG,0.40000322,3.2186508178710938e-06,0,0,0
0.4,AATACTAGAGGTCTTCCGACCCCGTAATAATCAGATGGATAAAATAATGCGTGTGGGCGGGAAGACAACTAGGGG,0.39999908,9.5367431640625e-07,0,13,13
0.4,AATACTAGAGGTCTTCCGACGATCCCTTATGCATATACTTGATAACCCGCGTGTGGGCGGGAAGACAACTAGGGG,0.39998788,1.2159347534179688e-05,5,5,10
0.4,AATACTAGAGGTCTTCCGACTAGACACTGGTATTACAGGAGTGTCAAGAGGTGTGGGCGGGAAGACAACTAGGGG,0.4000093,9.298324584960938e-06,5,0,5
0.4,AATACTAGAGGTCTTCCGACTTTTTATTCCTAAAGGGGGGCTGACAGTGGGTGTGGGCGGGAAGACAACTAGGGG,0.39999318,6.794929504394531e-06,5,0,5
0.4,AATACTAGAGGTCTTCCGACCTTCCGGCTAGAATGAGCTGCCTTTCCGTAGTGTGGGCGGGAAGACAACTAGGGG,0.3999878,1.2218952178955078e-05,0,5,5
0.4,AATACTAGAGGTCTTCCGACAGCGCCAATTTGTCATAAGTTTAGAAATAAGTGTGGGCGGGAAGACAACTAGGGG,0.4000004,3.5762786865234375e-07,5,0,5
0.4,AATACTAGAGGTCTTCCGACACAAAGTATTTCAATATAGGTTTTCCTGTCGTGTGGGCGGGAAGACAACTAGGGG,0.39999777,2.2649765014648438e-06,0,0,0
0.4,AATACTAGAGGTCTTCCGACCCGCTAGATTTAGATAAAGCTGAGCTAGCTGTGTGGGCGGGAAGACAACTAGGGG,0.40000427,4.291534423828125e-06,0,0,0
0.4,AATACTAGAGGTCTTCCGACACGGGAATCCGTTCAAGATAGCCAAAAACTGTGTGGGCGGGAAGACAACTAGGGG,0.40001,1.0013580322265625e-05,0,0,0
0.4,AATACTAGAGGTCTTCCGACACATGTGTAAATTAATTCATAGGATTGAAGGTGTGGGCGGGAAGACAACTAGGGG,0.39999172,8.285045623779297e-06,0,0,0
0.4,AATACTAGAGGTCTTCCGACAACTATGTTGACTTACCAAATCTCGCAGCAGTGTGGGCGGGAAGACAACTAGGGG,0.4000106,1.0609626770019531e-05,5,0,5
0.4,AATACTAGAGGTCTTCCGACTTAGCCCTTGAGAGATTAATATCGGCGCATGTGTGGGCGGGAAGACAACTAGGGG,0.39999288,7.152557373046875e-06,5,0,5
0.4,AATACTAGAGGTCTTCCGACTTGTAATAGTTAACGTCAGATGTAGTCGTTGTGTGGGCGGGAAGACAACTAGGGG,0.4000004,3.5762786865234375e-07,0,5,5
0.4,AATACTAGAGGTCTTCCGACAGAATCTCAGTTCGAATTGGTGGTCAGAAGGTGTGGGCGGGAAGACAACTAGGGG,0.39999688,3.0994415283203125e-06,0,0,0
0.4,AATACTAGAGGTCTTCCGACGGTACCCCGTATCTGATATTCTACGTCATAGTGTGGGCGGGAAGACAACTAGGGG,0.40000457,4.5299530029296875e-06,0,0,0
0.4,AATACTAGAGGTCTTCCGACAGTCGCACAGGGAATTCATTTGGGCGCGATGTGTGGGCGGGAAGACAACTAGGGG,0.39999592,4.0531158447265625e-06,0,0,0
0.4,AATACTAGAGGTCTTCCGACTAACCAGGAGAAAAGTCAGACGTAGACCTGGTGTGGGCGGGAAGACAACTAGGGG,0.4000078,7.808208465576172e-06,0,0,0
0.5,AATACTAGAGGTCTTCCGACTTTTTAAATGCTATACACTTAGTATTATTAGTGTGGGCGGGAAGACAACTAGGGG,0.49996924,3.075599670410156e-05,0,5,5
0.5,AATACTAGAGGTCTTCCGACATGTCACGAGTATATTCTGTGATTTTTTAGGTGTGGGCGGGAAGACAACTAGGGG,0.49998444,1.5556812286376953e-05,0,5,5
0.5,AATACTAGAGGTCTTCCGACAATGATTAAACTTGGATATGCTAGCGGTGAGTGTGGGCGGGAAGACAACTAGGGG,0.49999857,1.430511474609375e-06,0,0,0
0.5,AATACTAGAGGTCTTCCGACTTCTGGAATATCGTGTATGGTATACCTTACGTGTGGGCGGGAAGACAACTAGGGG,0.49999958,4.172325134277344e-07,0,0,0
0.5,AATACTAGAGGTCTTCCGACTAACCGGTGGGTTAAACCTTGATTCGTGTTGTGTGGGCGGGAAGACAACTAGGGG,0.49998283,1.71661376953125e-05,0,0,0
0.5,AATACTAGAGGTCTTCCGACTATAATGGAGTTTTGAGGAATATCATATAAGTGTGGGCGGGAAGACAACTAGGGG,0.5000016,1.6093254089355469e-06,0,15,15
0.5,AATACTAGAGGTCTTCCGACATTCGGGATACAAAAAGTGTTGACATTCGTGTGTGGGCGGGAAGACAACTAGGGG,0.50000125,1.2516975402832031e-06,6,0,6
0.5,AATACTAGAGGTCTTCCGACGTTTGGAACTATGTATTATCTTTGATCAAAGTGTGGGCGGGAAGACAACTAGGGG,0.49998844,1.1563301086425781e-05,0,5,5
0.5,AATACTAGAGGTCTTCCGACAACCTACTGATATAATAATGTGTCAGTTACGTGTGGGCGGGAAGACAACTAGGGG,0.5000074,7.3909759521484375e-06,0,9,9
0.5,AATACTAGAGGTCTTCCGACAGTATTGCTATATTCAAATTTAAAGGGTCCGTGTGGGCGGGAAGACAACTAGGGG,0.5000048,4.827976226806641e-06,0,5,5
0.5,AATACTAGAGGTCTTCCGACATGCCGGTGATTCTCAAAATTTGACCGTGGGTGTGGGCGGGAAGACAACTAGGGG,0.50001484,1.4841556549072266e-05,5,0,5
0.5,AATACTAGAGGTCTTCCGACACGTAACGTGATCCTAAAGTTTGTATAATTGTGTGGGCGGGAAGACAACTAGGGG,0.49999654,3.4570693969726562e-06,0,6,6
0.5,AATACTAGAGGTCTTCCGACCCGCAACCTATAAATATTTCTATTGCCTATGTGTGGGCGGGAAGACAACTAGGGG,0.5000222,2.2172927856445312e-05,0,5,5
0.5,AATACTAGAGGTCTTCCGACTTAAAGTTCTACAGTAGCCTCTTTAATATAGTGTGGGCGGGAAGACAACTAGGGG,0.50003254,3.254413604736328e-05,0,9,9
0.5,AATACTAGAGGTCTTCCGACTAAGCCTTCAAAAAATATTTTAGTTCGAACGTGTGGGCGGGAAGACAACTAGGGG,0.5000156,1.5616416931152344e-05,0,0,0
0.5,AATACTAGAGGTCTTCCGACTTAGATCCGGGTTATTTCTTTATAGAAGGTGTGTGGGCGGGAAGACAACTAGGGG,0.5000142,1.4185905456542969e-05,0,0,0
0.5,AATACTAGAGGTCTTCCGACACTGCGGCTATATTACACCTTAAAGCGAGTGTGTGGGCGGGAAGACAACTAGGGG,0.500022,2.199411392211914e-05,0,5,5
0.5,AATACTAGAGGTCTTCCGACATGATTCTTTTATTATTAGATCCGCTATACGTGTGGGCGGGAAGACAACTAGGGG,0.50001955,1.9550323486328125e-05,0,5,5
0.5,AATACTAGAGGTCTTCCGACTATACTTAGGCATAATATAGTTGAGGTAATGTGTGGGCGGGAAGACAACTAGGGG,0.50000584,5.841255187988281e-06,0,14,14
0.5,AATACTAGAGGTCTTCCGACTGAAAAATAGCTGAAAATGCTACATTTACGGTGTGGGCGGGAAGACAACTAGGGG,0.49999905,9.5367431640625e-07,0,0,0
0.6000000000000001,AATACTAGAGGTCTTCCGACCTAAAACTTCTATTATAATCCTTTCTTACCGTGTGGGCGGGAAGACAACTAGGGG,0.6000292,2.9146671295166016e-05,0,9,9
0.6000000000000001,AATACTAGAGGTCTTCCGACTTTTGATTGCTATAATGAGTGCAAATAACTGTGTGGGCGGGAAGACAACTAGGGG,0.59998995,1.0073184967041016e-05,0,6,6
0.6000000000000001,AATACTAGAGGTCTTCCGACTTGAAACAAATATAATATTATCTTTTTTCGGTGTGGGCGGGAAGACAACTAGGGG,0.60000193,1.9073486328125e-06,5,10,15
0.6000000000000001,AATACTAGAGGTCTTCCGACAACGGGCCTATATAAACTGGTATAATAAGCGTGTGGGCGGGAAGACAACTAGGGG,0.5999735,2.6524066925048828e-05,0,11,11
0.6000000000000001,AATACTAGAGGTCTTCCGACAAAATAGCCGGTTTATGATATAGTATAATTGTGTGGGCGGGAAGACAACTAGGGG,0.5999733,2.6702880859375e-05,0,14,14
0.6000000000000001,AATACTAGAGGTCTTCCGACTATTCGGATCATATATAGTTTATATTATTTGTGTGGGCGGGAAGACAACTAGGGG,0.5999685,3.153085708618164e-05,0,13,13
0.6000000000000001,AATACTAGAGGTCTTCCGACTTGACATGCAAATAATAATGTATAAAGACTGTGTGGGCGGGAAGACAACTAGGGG,0.5999935,6.496906280517578e-06,6,13,19
0.6000000000000001,AATACTAGAGGTCTTCCGACTTGAAAAACCTGAAAAATTATATAAGTTTAGTGTGGGCGGGAAGACAACTAGGGG,0.59999305,6.973743438720703e-06,5,5,10
0.6000000000000001,AATACTAGAGGTCTTCCGACAAACTAGGTATATTACGATATAGAGCAAATGTGTGGGCGGGAAGACAACTAGGGG,0.60006666,6.663799285888672e-05,0,5,5
0.6000000000000001,AATACTAGAGGTCTTCCGACTCTCTATGTATAATATTATTTCAAATATATGTGTGGGCGGGAAGACAACTAGGGG,0.60001844,1.8417835235595703e-05,0,10,10
0.6000000000000001,AATACTAGAGGTCTTCCGACTTGAAAAAAAGAGGCTTTATTTGTATCAATGTGTGGGCGGGAAGACAACTAGGGG,0.59999555,4.470348358154297e-06,5,0,5
0.6000000000000001,AATACTAGAGGTCTTCCGACTTCACTAATGGGTTATAATATATATGTCAGGTGTGGGCGGGAAGACAACTAGGGG,0.5999971,2.9206275939941406e-06,0,6,6
0.6000000000000001,AATACTAGAGGTCTTCCGACACTCAACCTCGGATATTCTTTAATATCCGAGTGTGGGCGGGAAGACAACTAGGGG,0.6000034,3.3974647521972656e-06,0,5,5
0.6000000000000001,AATACTAGAGGTCTTCCGACTGACAAACACGGCACCGAGTTATAATTAATGTGTGGGCGGGAAGACAACTAGGGG,0.5999992,8.344650268554688e-07,5,6,11
0.6000000000000001,AATACTAGAGGTCTTCCGACAAGGGGTAACATTGATAATAGGGAAGGTCTGTGTGGGCGGGAAGACAACTAGGGG,0.59998673,1.329183578491211e-05,5,5,10
0.6000000000000001,AATACTAGAGGTCTTCCGACCCACCTTTCCGACTAAGTTTTATAATAGCCGTGTGGGCGGGAAGACAACTAGGGG,0.600001,9.5367431640625e-07,0,6,6
0.6000000000000001,AATACTAGAGGTCTTCCGACTGACGGGTCTATTATATTTGCTTTAGCTACGTGTGGGCGGGAAGACAACTAGGGG,0.5999915,8.52346420288086e-06,0,8,8
0.6000000000000001,AATACTAGAGGTCTTCCGACAATATGCTTATAGTATAATGATCTATTTTCGTGTGGGCGGGAAGACAACTAGGGG,0.6000073,7.271766662597656e-06,0,10,10
0.6000000000000001,AATACTAGAGGTCTTCCGACAAATAACTCGATTGATAATGTTGAATCAATGTGTGGGCGGGAAGACAACTAGGGG,0.600036,3.600120544433594e-05,5,5,10
0.6000000000000001,AATACTAGAGGTCTTCCGACTTACTATCTATAAATTAACTCAGCAGTGTAGTGTGGGCGGGAAGACAACTAGGGG,0.60000324,3.2186508178710938e-06,0,5,5
0.7000000000000001,AATACTAGAGGTCTTCCGACTTGTATGATATTATAATCTATAAATAGATTGTGTGGGCGGGAAGACAACTAGGGG,0.6999974,2.562999725341797e-06,0,18,18
0.7000000000000001,AATACTAGAGGTCTTCCGACTTGCGATTATTATAATAATTACCTTGAGACGTGTGGGCGGGAAGACAACTAGGGG,0.70000196,1.9669532775878906e-06,5,12,17
0.7000000000000001,AATACTAGAGGTCTTCCGACTTGACTATGATATTAGTATAACACTCACGGGTGTGGGCGGGAAGACAACTAGGGG,0.69997996,2.002716064453125e-05,5,10,15
0.7000000000000001,AATACTAGAGGTCTTCCGACAAAGAGTGTGTGTAAAATGGTATACTTAGAGTGTGGGCGGGAAGACAACTAGGGG,0.6999819,1.806020736694336e-05,0,10,10
0.7000000000000001,AATACTAGAGGTCTTCCGACAAACAACCGGGTTTACTGTTTATAATAATTGTGTGGGCGGGAAGACAACTAGGGG,0.7000906,9.059906005859375e-05,0,9,9
0.7000000000000001,AATACTAGAGGTCTTCCGACTTTTCGGAAACATTATAATTTATAATATCGGTGTGGGCGGGAAGACAACTAGGGG,0.70000106,1.0728836059570312e-06,0,12,12
0.7000000000000001,AATACTAGAGGTCTTCCGACTAGACAGCTATCGATTATGATATAATATAGGTGTGGGCGGGAAGACAACTAGGGG,0.70004195,4.1961669921875e-05,5,10,15
0.7000000000000001,AATACTAGAGGTCTTCCGACTTGACTAGGGTAGTAAATTATACAAGCCACGTGTGGGCGGGAAGACAACTAGGGG,0.69996995,3.0040740966796875e-05,5,0,5
0.7000000000000001,AATACTAGAGGTCTTCCGACTTTCCAACGGGGCTATAATGTAGAATAACAGTGTGGGCGGGAAGACAACTAGGGG,0.70001173,1.1742115020751953e-05,0,11,11
0.7000000000000001,AATACTAGAGGTCTTCCGACTAACAAAGTATAATATTCTTTATAATCAATGTGTGGGCGGGAAGACAACTAGGGG,0.69997793,2.205371856689453e-05,0,12,12
0.7000000000000001,AATACTAGAGGTCTTCCGACTTGACACAGTAATATAATTTGTGTAAATCGGTGTGGGCGGGAAGACAACTAGGGG,0.6999317,6.830692291259766e-05,6,6,12
0.7000000000000001,AATACTAGAGGTCTTCCGACTTGACTCCTTTTGCTTAATGTATAATCTTAGTGTGGGCGGGAAGACAACTAGGGG,0.6999946,5.364418029785156e-06,5,6,11
0.7000000000000001,AATACTAGAGGTCTTCCGACAGACTCCCGCGTTATAATTCTATAATAATGGTGTGGGCGGGAAGACAACTAGGGG,0.70000815,8.165836334228516e-06,0,15,15
0.7000000000000001,AATACTAGAGGTCTTCCGACTGACAAACCCTACTATGATGTATAATAAACGTGTGGGCGGGAAGACAACTAGGGG,0.70002186,2.187490463256836e-05,5,11,16
0.7000000000000001,AATACTAGAGGTCTTCCGACATGGGTTATAAAATATAATTTGGTTAGACTGTGTGGGCGGGAAGACAACTAGGGG,0.69998586,1.4126300811767578e-05,0,13,13
0.7000000000000001,AATACTAGAGGTCTTCCGACTGACCTACCGGATAATATATTATAATAGCTGTGTGGGCGGGAAGACAACTAGGGG,0.700015,1.5020370483398438e-05,0,15,15
0.7000000000000001,AATACTAGAGGTCTTCCGACAAACGAGTATGCTATAATTGGTATAGACGGGTGTGGGCGGGAAGACAACTAGGGG,0.7000203,2.0325183868408203e-05,0,6,6
0.7000000000000001,AATACTAGAGGTCTTCCGACAGTCTATTATTATACTAGTATACTGTTTCTGTGTGGGCGGGAAGACAACTAGGGG,0.70006585,6.586313247680664e-05,0,16,16
0.7000000000000001,AATACTAGAGGTCTTCCGACTTTGTAGGAGCTTAATATAATATAATATTTGTGTGGGCGGGAAGACAACTAGGGG,0.7000136,1.3589859008789062e-05,0,11,11
0.7000000000000001,AATACTAGAGGTCTTCCGACTTGAGAACCATAAAATATTCTATACTTAACGTGTGGGCGGGAAGACAACTAGGGG,0.70003,3.0040740966796875e-05,5,10,15
0.8,AATACTAGAGGTCTTCCGACTTGACGGGTATAATAATGTATAATATGTTTGTGTGGGCGGGAAGACAACTAGGGG,0.7998743,0.00012570619583129883,5,15,20
0.8,AATACTAGAGGTCTTCCGACATGCTATTATTATAATAAATCCCTTGAAATGTGTGGGCGGGAAGACAACTAGGGG,0.79920334,0.0007966756820678711,5,12,17
0.8,AATACTAGAGGTCTTCCGACTTGACAAAGATATTAAGCTATACATAGACTGTGTGGGCGGGAAGACAACTAGGGG,0.8000034,3.3974647521972656e-06,6,0,6
0.8,AATACTAGAGGTCTTCCGACTGACGGGGTATTTAAAATGGTATACTTATAGTGTGGGCGGGAAGACAACTAGGGG,0.8003661,0.0003660917282104492,0,15,15
0.8,AATACTAGAGGTCTTCCGACTGACAAACCGGTTTATTCTATATAATAAATGTGTGGGCGGGAAGACAACTAGGGG,0.7998533,0.00014668703079223633,5,6,11
0.8,AATACTAGAGGTCTTCCGACTTTACGGATATAATATAATTTATAATACTTGTGTGGGCGGGAAGACAACTAGGGG,0.7997488,0.0002512335777282715,0,17,17
0.8,AATACTAGAGGTCTTCCGACTTGACAAAGGTATATTATGCTATAATAAACGTGTGGGCGGGAAGACAACTAGGGG,0.8000025,2.5033950805664062e-06,6,14,20
0.8,AATACTAGAGGTCTTCCGACTTGACAAGGAAAGTATAATAGAATTATTATGTGTGGGCGGGAAGACAACTAGGGG,0.8000464,4.6372413635253906e-05,6,15,21
0.8,AATACTAGAGGTCTTCCGACTTGACAGCTATATTATAATGTATACTTAGGGTGTGGGCGGGAAGACAACTAGGGG,0.8001143,0.00011426210403442383,6,16,22
0.8,AATACTAGAGGTCTTCCGACTAACGGGGTATAATATAATTTATAATCTATGTGTGGGCGGGAAGACAACTAGGGG,0.8000771,7.706880569458008e-05,0,17,17
0.8,AATACTAGAGGTCTTCCGACTTGACAAAAAGGTTAAATTTATGTACAATGGTGTGGGCGGGAAGACAACTAGGGG,0.8002981,0.0002980828285217285,6,5,11
0.8,AATACTAGAGGTCTTCCGACTTGACATATAATTATTATGGTATAATATCGGTGTGGGCGGGAAGACAACTAGGGG,0.79996824,3.17692756652832e-05,6,17,23
0.8,AATACTAGAGGTCTTCCGACTGACAAACCGATCTATACTTTATAATCAAAGTGTGGGCGGGAAGACAACTAGGGG,0.7999897,1.0311603546142578e-05,5,11,16
0.8,AATACTAGAGGTCTTCCGACTGACAAAGGATGGTATAATTTATAATACTGGTGTGGGCGGGAAGACAACTAGGGG,0.800112,0.00011199712753295898,5,12,17
0.8,AATACTAGAGGTCTTCCGACTTAAATTCTATAATATAATTTGCTTAGACTGTGTGGGCGGGAAGACAACTAGGGG,0.7914854,0.008514583110809326,0,11,11
0.8,AATACTAGAGGTCTTCCGACTGACAAACCGAGTTATTATTTATACTAGCCGTGTGGGCGGGAAGACAACTAGGGG,0.79982644,0.0001735687255859375,5,10,15
0.8,AATACTAGAGGTCTTCCGACTTGATATTATGTTATAATTGGTATAGACACGTGTGGGCGGGAAGACAACTAGGGG,0.7698113,0.03018873929977417,10,11,21
0.8,AATACTAGAGGTCTTCCGACACTGTATTATTATAATTTTATACAACCTGGGTGTGGGCGGGAAGACAACTAGGGG,0.79204,0.007960021495819092,0,12,12
0.8,AATACTAGAGGTCTTCCGACTTGACTCGGGCAAAATATAGTATAATTATTGTGTGGGCGGGAAGACAACTAGGGG,0.8001678,0.0001677870750427246,5,10,15
0.8,AATACTAGAGGTCTTCCGACTTGACTAGTATATTATATTTTATCATACCTGTGTGGGCGGGAAGACAACTAGGGG,0.80000854,8.52346420288086e-06,5,15,20
0.9,AATACTAGAGGTCTTCCGACTTGACTGCTATAATAATATATAATTAGAATGTGTGGGCGGGAAGACAACTAGGGG,0.81491953,0.08508044481277466,5,20,25
0.9,AATACTAGAGGTCTTCCGACATGCTATTATTATAATAAATCCCTTGAAATGTGTGGGCGGGAAGACAACTAGGGG,0.79920334,0.100796639919281,5,12,17
0.9,AATACTAGAGGTCTTCCGACTTGACAAGGATATTAGGGTATAATTATTATGTGTGGGCGGGAAGACAACTAGGGG,0.8431972,0.05680274963378906,6,11,17
0.9,AATACTAGAGGTCTTCCGACTGACAGGATATTAAAATCCGTATAATTATAGTGTGGGCGGGAAGACAACTAGGGG,0.81295407,0.08704590797424316,5,16,21
0.9,AATACTAGAGGTCTTCCGACTTGACAACCGGGTTATATTCTATAATAATAGTGTGGGCGGGAAGACAACTAGGGG,0.88594735,0.014052629470825195,6,14,20
0.9,AATACTAGAGGTCTTCCGACTTGACGGGTATAGTATAATGTATAATAATTGTGTGGGCGGGAAGACAACTAGGGG,0.84920067,0.05079931020736694,5,19,24
0.9,AATACTAGAGGTCTTCCGACTTGACAAGGGTATATTATTCTATAATAATAGTGTGGGCGGGAAGACAACTAGGGG,0.8488933,0.05110669136047363,6,17,23
0.9,AATACTAGAGGTCTTCCGACTTGACAAGGATATTATATTATAATTACAATGTGTGGGCGGGAAGACAACTAGGGG,0.81465197,0.08534801006317139,6,19,25
0.9,AATACTAGAGGTCTTCCGACTTGACTGATAAGGTATAATGTATACTTATCGTGTGGGCGGGAAGACAACTAGGGG,0.8624566,0.03754335641860962,5,11,16
0.9,AATACTAGAGGTCTTCCGACTTGACGGCTATAATATAATGTATAATCTCTGTGTGGGCGGGAAGACAACTAGGGG,0.8531963,0.04680365324020386,5,17,22
0.9,AATACTAGAGGTCTTCCGACTTGACAAAACGGTTAAATTTATGTACAATGGTGTGGGCGGGAAGACAACTAGGGG,0.80654,0.09345996379852295,6,5,11
0.9,AATACTAGAGGTCTTCCGACTTGACTTATAAATAATTGGGTATAATAATAGTGTGGGCGGGAAGACAACTAGGGG,0.82884985,0.07115012407302856,5,19,24
0.9,AATACTAGAGGTCTTCCGACTTGACAACCGAGTTATAATTTATAATAATAGTGTGGGCGGGAAGACAACTAGGGG,0.88546246,0.014537513256072998,6,15,21
0.9,AATACTAGAGGTCTTCCGACTGACAAAGTAAGGTATAATTTATAATAATTGTGTGGGCGGGAAGACAACTAGGGG,0.83818495,0.06181502342224121,5,15,20
0.9,AATACTAGAGGTCTTCCGACTTAAATTCTATAATATAATTTGCTTAGACTGTGTGGGCGGGAAGACAACTAGGGG,0.7914854,0.10851454734802246,0,11,11
0.9,AATACTAGAGGTCTTCCGACTGACAAACCGGGTTATATTCTATAATAATAGTGTGGGCGGGAAGACAACTAGGGG,0.87004805,0.029951930046081543,5,14,19
0.9,AATACTAGAGGTCTTCCGACTTGATATTATGTTATAATTGGTATAGACACGTGTGGGCGGGAAGACAACTAGGGG,0.7698113,0.1301887035369873,10,11,21
0.9,AATACTAGAGGTCTTCCGACACTGTATTATTATAATTTTATACAACCTGGGTGTGGGCGGGAAGACAACTAGGGG,0.79204,0.10795998573303223,0,12,12
0.9,AATACTAGAGGTCTTCCGACTTGACTCGGGAGGTATATGATATAATAATAGTGTGGGCGGGAAGACAACTAGGGG,0.87245953,0.02754044532775879,5,13,18
0.9,AATACTAGAGGTCTTCCGACTTGACAACCATATTAAATTTTATAATAATAGTGTGGGCGGGAAGACAACTAGGGG,0.8635074,0.03649258613586426,6,9,15
1.0,AATACTAGAGGTCTTCCGACTAACCGGGATTAAAATGATGTATAATCTTAGTGTGGGCGGGAAGACAACTAGGGG,0.8049575,0.19504249095916748,0,11,11
1.0,AATACTAGAGGTCTTCCGACTTGACAAAACCAGTTTATGCTATAATAATAGTGTGGGCGGGAAGACAACTAGGGG,0.9239186,0.07608139514923096,6,9,15
1.0,AATACTAGAGGTCTTCCGACTTGAGGTATAATTATAATTGGTGTAGCTCGGTGTGGGCGGGAAGACAACTAGGGG,0.7870601,0.21293991804122925,0,12,12
1.0,AATACTAGAGGTCTTCCGACTTGACGGCTATAATATAATGTATAATATCCGTGTGGGCGGGAAGACAACTAGGGG,0.85750234,0.14249765872955322,5,17,22
1.0,AATACTAGAGGTCTTCCGACTTGCTAAACGGTCTATAATTTATAATAGCTGTGTGGGCGGGAAGACAACTAGGGG,0.85623395,0.14376604557037354,0,12,12
1.0,AATACTAGAGGTCTTCCGACTTGACTTAAGAGGTATAATGATTATACTATGTGTGGGCGGGAAGACAACTAGGGG,0.868446,0.1315540075302124,5,11,16
1.0,AATACTAGAGGTCTTCCGACACTGATGCTATAATATAATATCATTGAAATGTGTGGGCGGGAAGACAACTAGGGG,0.7912824,0.20871758460998535,5,15,20
1.0,AATACTAGAGGTCTTCCGACTTGACAAGGAGGTTATAATTTATAATAATAGTGTGGGCGGGAAGACAACTAGGGG,0.8956601,0.10433989763259888,6,15,21
1.0,AATACTAGAGGTCTTCCGACTTGACTGATAAGGTATAATTTATAATATCCGTGTGGGCGGGAAGACAACTAGGGG,0.8978884,0.1021115779876709,5,12,17
1.0,AATACTAGAGGTCTTCCGACTTGCTAAAGGGCTATAATGATATAATCATGGTGTGGGCGGGAAGACAACTAGGGG,0.85313743,0.14686256647109985,0,12,12
1.0,AATACTAGAGGTCTTCCGACTTGACAAGGCTATAATTAGGTATACTATCCGTGTGGGCGGGAAGACAACTAGGGG,0.8551229,0.14487707614898682,6,11,17
1.0,AATACTAGAGGTCTTCCGACTTGACTGATATTATAATGCTTATAATATCCGTGTGGGCGGGAAGACAACTAGGGG,0.84358084,0.15641915798187256,5,15,20
1.0,AATACTAGAGGTCTTCCGACTTTTCAACCGGCTATAATGCTATAATAATAGTGTGGGCGGGAAGACAACTAGGGG,0.8645078,0.135492205619812,0,15,15
1.0,AATACTAGAGGTCTTCCGACTTGACTGATAAGGTATAATTTATAATATCCGTGTGGGCGGGAAGACAACTAGGGG,0.8978884,0.1021115779876709,5,12,17
1.0,AATACTAGAGGTCTTCCGACTTGACTGATAAGGTATAATTTATAATATCCGTGTGGGCGGGAAGACAACTAGGGG,0.8978884,0.1021115779876709,5,12,17
1.0,AATACTAGAGGTCTTCCGACTTGACAAAGCTATAATTTATTATACTATCCGTGTGGGCGGGAAGACAACTAGGGG,0.86739945,0.1326005458831787,6,14,20
1.0,AATACTAGAGGTCTTCCGACTTGACAAAGAATTCTTATGCTATAATCAATGTGTGGGCGGGAAGACAACTAGGGG,0.84536195,0.15463805198669434,6,6,12
1.0,AATACTAGAGGTCTTCCGACTTACTATTATATTATAATTGGTACCGGACTGTGTGGGCGGGAAGACAACTAGGGG,0.7918266,0.20817339420318604,0,14,14
1.0,AATACTAGAGGTCTTCCGACTTTGAGGGTATAATATAATGTATAATCTATGTGTGGGCGGGAAGACAACTAGGGG,0.83828795,0.16171205043792725,0,17,17
1.0,AATACTAGAGGTCTTCCGACTTGACGGCTATAATATAATGTTATACCATCGTGTGGGCGGGAAGACAACTAGGGG,0.8254723,0.17452770471572876,5,11,16
