target_expression,sequence,prediction,error,h35_count,h10_count,total_count,prediction_bin,near_consensus_h35_count,near_consensus_h10_count,consensus_h35_count,consensus_h10_count,num_multiple_h35,num_multiple_h10,overlapping_h35,overlapping_h10,distance_between_h35,distance_between_h10,mean_distance_between_h35_h10
0.1,AATACTAGAGGTCTTCCGACCTCTTGCCTTTGCCCAGCCGTTCTAATTGCGTGTGGGCGGGAAGACAACTAGGGG,0.12949346,0.0294934511184692,0,5,5,0.1,0,1,0,0,0,0,0,0,,,
0.1,AATACTAGAGGTCTTCCGACCTATTGTTGCCCCCCTTCACTTTGTTGACAGTGTGGGCGGGAAGACAACTAGGGG,0.12527066,0.0252706408500671,6,0,6,0.1,0,0,1,0,0,0,0,0,,,
0.1,AATACTAGAGGTCTTCCGACCCTAGCCTTTTGCATCCAACCGCACGCGAGGTGTGGGCGGGAAGACAACTAGGGG,0.12875846,0.0287584662437438,0,0,0,0.1,0,0,0,0,0,0,0,0,,,
0.1,AATACTAGAGGTCTTCCGACGCATTCGTTATTGGCACCCCACGCTTTGAGGTGTGGGCGGGAAGACAACTAGGGG,0.10787353,0.00787353515625,5,0,5,0.1,1,0,0,0,0,0,0,0,,,
0.1,AATACTAGAGGTCTTCCGACCTCTTGCATTGCCCCCGCTCCTAATGTTGCGTGTGGGCGGGAAGACAACTAGGGG,0.13649929,0.0364992618560791,0,0,0,0.1,0,0,0,0,0,0,0,0,,,
0.1,AATACTAGAGGTCTTCCGACCCTAATTCGGCTTGTCGCCCCCGCTCTGAGGTGTGGGCGGGAAGACAACTAGGGG,0.13431972,0.0343196988105773,0,0,0,0.1,0,0,0,0,0,0,0,0,,,
0.1,AATACTAGAGGTCTTCCGACCCTAAGTCTCTTGACAGCCCCTTGCCTGAGGTGTGGGCGGGAAGACAACTAGGGG,0.13462068,0.0346207022666931,6,0,6,0.1,0,0,1,0,0,0,0,0,,,
0.1,AATACTAGAGGTCTTCCGACCCTATGTCTTGACCCCGTTCCTTGCGTGAGGTGTGGGCGGGAAGACAACTAGGGG,0.12989578,0.0298957824707031,5,0,5,0.1,1,0,0,0,0,0,0,0,,,
0.1,AATACTAGAGGTCTTCCGACCCCTAATGGTCGTCGCATGCCTGCGCTGAGGTGTGGGCGGGAAGACAACTAGGGG,0.14551553,0.0455155372619628,0,0,0,0.1,0,0,0,0,0,0,0,0,,,
0.1,AATACTAGAGGTCTTCCGACCTCTTGTCTTGGCCCCGTTCTTAGCTTGTTGTGTGGGCGGGAAGACAACTAGGGG,0.13462994,0.0346299409866333,0,0,0,0.1,0,0,0,0,0,0,0,0,,,
0.1,AATACTAGAGGTCTTCCGACCCCTAATGGAGTTGCCACCTTGCGCTCGTGGTGTGGGCGGGAAGACAACTAGGGG,0.12791157,0.0279115438461303,5,0,5,0.1,1,0,0,0,0,0,0,0,,,
0.1,AATACTAGAGGTCTTCCGACCTATTCTCTTGACCCCGTTCCTTGCGTTGGGTGTGGGCGGGAAGACAACTAGGGG,0.12075979,0.0207598209381103,5,0,5,0.1,1,0,0,0,0,0,0,0,,,
0.1,AATACTAGAGGTCTTCCGACCTATTGTCGCCACTTGCCCTTCTTGGCCACGTGTGGGCGGGAAGACAACTAGGGG,0.13698307,0.0369830727577209,0,0,0,0.1,0,0,0,0,0,0,0,0,,,
0.1,AATACTAGAGGTCTTCCGACCTATTGGCTTTTGCCGGTCGTCCCTGCAGGGTGTGGGCGGGAAGACAACTAGGGG,0.13593698,0.035936951637268,0,0,0,0.1,0,0,0,0,0,0,0,0,,,
0.1,AATACTAGAGGTCTTCCGACCTATTCGGCATTGGCACCCCCGCATCTGTTGTGTGGGCGGGAAGACAACTAGGGG,0.13007987,0.0300798416137695,5,0,5,0.1,1,0,0,0,0,0,0,0,,,
0.1,AATACTAGAGGTCTTCCGACCCTGGCGTTATTGCCCCCCCACGCGCTAGGGTGTGGGCGGGAAGACAACTAGGGG,0.11826587,0.0182658433914184,0,0,0,0.1,0,0,0,0,0,0,0,0,,,
0.1,AATACTAGAGGTCTTCCGACCTATTCTTGACACCCCACGTTCCTTCGTACGTGTGGGCGGGAAGACAACTAGGGG,0.13981688,0.0398168563842773,6,0,6,0.1,0,0,1,0,0,0,0,0,,,
0.1,AATACTAGAGGTCTTCCGACCTATTCGTAGTTGCCCCACGTTATTGCGTGGTGTGGGCGGGAAGACAACTAGGGG,0.13149059,0.0314905643463134,0,0,0,0.1,0,0,0,0,0,0,0,0,,,
0.1,AATACTAGAGGTCTTCCGACCCTAATTCTTGCCCGCCACCCCACGCGTAGGTGTGGGCGGGAAGACAACTAGGGG,0.13928404,0.0392840504646301,0,0,0,0.1,0,0,0,0,0,0,0,0,,,
0.1,AATACTAGAGGTCTTCCGACCTTATGGGTATTGACGTTCTTCCCCGCATGGTGTGGGCGGGAAGACAACTAGGGG,0.12290693,0.0229068994522094,5,0,5,0.1,1,0,0,0,0,0,0,0,,,
0.2,AATACTAGAGGTCTTCCGACCTACACCTGTTTATCCCAAGCACCACAGAGGTGTGGGCGGGAAGACAACTAGGGG,0.1999967,3.337860107421875e-06,0,0,0,0.1,0,0,0,0,0,0,0,0,,,
0.2,AATACTAGAGGTCTTCCGACCTTCAGTCGCACAACCTCCATACCGTTGCGGTGTGGGCGGGAAGACAACTAGGGG,0.1999933,6.67572021484375e-06,0,0,0,0.1,0,0,0,0,0,0,0,0,,,
0.2,AATACTAGAGGTCTTCCGACCCTACCGCTATGCAACGACAGCCCTGCTCTGTGTGGGCGGGAAGACAACTAGGGG,0.19999896,1.0728836059570312e-06,0,0,0,0.1,0,0,0,0,0,0,0,0,,,
0.2,AATACTAGAGGTCTTCCGACCTAGACGCTTTTAGCACCTCGTCGGCGAGGGTGTGGGCGGGAAGACAACTAGGGG,0.20000464,4.649162292480469e-06,0,0,0,0.2,0,0,0,0,0,0,0,0,,,
0.2,AATACTAGAGGTCTTCCGACGGTGAGAACTTCCCGCAATCCAACTCTTGCGTGTGGGCGGGAAGACAACTAGGGG,0.19999869,1.3113021850585938e-06,0,0,0,0.1,0,0,0,0,0,0,0,0,,,
0.2,AATACTAGAGGTCTTCCGACCCTATTTCGCCGTGTCCCGTCTGCTCACTCGTGTGGGCGGGAAGACAACTAGGGG,0.20000303,3.039836883544922e-06,0,0,0,0.2,0,0,0,0,0,0,0,0,,,
0.2,AATACTAGAGGTCTTCCGACGCCTCCGCCCTTGTGCCGCACCTCCTTGTGGTGTGGGCGGGAAGACAACTAGGGG,0.20000039,3.5762786865234375e-07,0,0,0,0.2,0,0,0,0,0,0,0,0,,,
0.2,AATACTAGAGGTCTTCCGACTCAGGCCTATGCACACCCCAACCCTCAGGCGTGTGGGCGGGAAGACAACTAGGGG,0.19999957,4.172325134277344e-07,0,0,0,0.1,0,0,0,0,0,0,0,0,,,
0.2,AATACTAGAGGTCTTCCGACTCCGCTCGTTTCTCCACGTTGCGCGATGGTGTGTGGGCGGGAAGACAACTAGGGG,0.20000046,4.76837158203125e-07,0,0,0,0.2,0,0,0,0,0,0,0,0,,,
0.2,AATACTAGAGGTCTTCCGACGACGTCGTTTGCACACAAGTGCAAACGCGTGTGTGGGCGGGAAGACAACTAGGGG,0.20000084,8.344650268554688e-07,0,0,0,0.2,0,0,0,0,0,0,0,0,,,
0.2,AATACTAGAGGTCTTCCGACGCCTATTTGCAAGACCCTTCGCCTCTGCGTGTGTGGGCGGGAAGACAACTAGGGG,0.20001084,1.0848045349121094e-05,0,0,0,0.2,0,0,0,0,0,0,0,0,,,
0.2,AATACTAGAGGTCTTCCGACGACGTGCGCTGTCCACCGTCGCAGTCTGTGGTGTGGGCGGGAAGACAACTAGGGG,0.19999999,0.0,0,0,0,0.1,0,0,0,0,0,0,0,0,,,
0.2,AATACTAGAGGTCTTCCGACCCTAGCTCGACACGAGCCCGACGGTTCGCTGTGTGGGCGGGAAGACAACTAGGGG,0.19999908,9.5367431640625e-07,5,0,5,0.1,1,0,0,0,0,0,0,0,,,
0.2,AATACTAGAGGTCTTCCGACGCCGAGGCGTTCCTGCCGCCGGACGCGCGCGTGTGGGCGGGAAGACAACTAGGGG,0.19999543,4.589557647705078e-06,0,0,0,0.1,0,0,0,0,0,0,0,0,,,
0.2,AATACTAGAGGTCTTCCGACCTAGTTCGCATATGCCTAGCCGGTGCTGTGGTGTGGGCGGGAAGACAACTAGGGG,0.20000555,5.543231964111328e-06,0,0,0,0.2,0,0,0,0,0,0,0,0,,,
0.2,AATACTAGAGGTCTTCCGACGCCCCGGCAGAGGCGCAACCCCACCGTCGTGTGTGGGCGGGAAGACAACTAGGGG,0.20000099,9.5367431640625e-07,0,0,0,0.2,0,0,0,0,0,0,0,0,,,
0.2,AATACTAGAGGTCTTCCGACCTACTCGGCGTGCGCGGAGGCCCTTCGTCCGTGTGGGCGGGAAGACAACTAGGGG,0.20000091,8.940696716308594e-07,0,0,0,0.2,0,0,0,0,0,0,0,0,,,
0.2,AATACTAGAGGTCTTCCGACTCGCACGAGGTTACCCGGCCTTGCCTGCTCGTGTGGGCGGGAAGACAACTAGGGG,0.19999644,3.576278686523437e-06,0,0,0,0.1,0,0,0,0,0,0,0,0,,,
0.2,AATACTAGAGGTCTTCCGACCCCCCTTCTTCTCGCCGACCACACGCGTGCGTGTGGGCGGGAAGACAACTAGGGG,0.20000857,8.58306884765625e-06,0,0,0,0.2,0,0,0,0,0,0,0,0,,,
0.2,AATACTAGAGGTCTTCCGACCCTGTGTGCAGACCCAGCGTTCCGATTGTCGTGTGGGCGGGAAGACAACTAGGGG,0.19999963,3.5762786865234375e-07,0,0,0,0.1,0,0,0,0,0,0,0,0,,,
0.3,AATACTAGAGGTCTTCCGACCATCTCCCGTAGGGTTCTGTGCAGCAGCGCGTGTGGGCGGGAAGACAACTAGGGG,0.30000144,1.430511474609375e-06,0,0,0,0.3,0,0,0,0,0,0,0,0,,,
0.3,AATACTAGAGGTCTTCCGACTGCCATATGACGGGTACGACGCCATTACCGGTGTGGGCGGGAAGACAACTAGGGG,0.30000055,5.364418029785156e-07,0,0,0,0.3,0,0,0,0,0,0,0,0,,,
0.3,AATACTAGAGGTCTTCCGACATTAATCCCTCTGAAGCCGTACTGTTTCTGGTGTGGGCGGGAAGACAACTAGGGG,0.30003113,3.1113624572753906e-05,0,0,0,0.3,0,0,0,0,0,0,0,0,,,
0.3,AATACTAGAGGTCTTCCGACACCCATTACCAGAGTAACCACAGGGGGAGTGTGTGGGCGGGAAGACAACTAGGGG,0.2999989,1.0728836059570312e-06,0,0,0,0.2,0,0,0,0,0,0,0,0,,,
0.3,AATACTAGAGGTCTTCCGACCGTGATACAGGCCTGATTACATGGCTGTCAGTGTGGGCGGGAAGACAACTAGGGG,0.30000153,1.5497207641601562e-06,0,0,0,0.3,0,0,0,0,0,0,0,0,,,
0.3,AATACTAGAGGTCTTCCGACCGAACCACCGACATACCATCCTTGAACCCAGTGTGGGCGGGAAGACAACTAGGGG,0.29999924,7.748603820800781e-07,0,0,0,0.2,0,0,0,0,0,0,0,0,,,
0.3,AATACTAGAGGTCTTCCGACGTCAGTCGGTCCCAAAAGAAGAAACACAATGTGTGGGCGGGAAGACAACTAGGGG,0.29999214,7.867813110351562e-06,0,0,0,0.2,0,0,0,0,0,0,0,0,,,
0.3,AATACTAGAGGTCTTCCGACGCGCCGCCTTAAGCATGTCTGCTAGAGCTGGTGTGGGCGGGAAGACAACTAGGGG,0.2999989,1.0728836059570312e-06,0,0,0,0.2,0,0,0,0,0,0,0,0,,,
0.3,AATACTAGAGGTCTTCCGACATCGTGGCTCGGAGGTGCATGCTACTAGTGGTGTGGGCGGGAAGACAACTAGGGG,0.3000014,1.430511474609375e-06,0,0,0,0.3,0,0,0,0,0,0,0,0,,,
0.3,AATACTAGAGGTCTTCCGACTAGGGGCGCTCTCGCTCGTCGGACCAGCGGGTGTGGGCGGGAAGACAACTAGGGG,0.299977,2.300739288330078e-05,0,0,0,0.2,0,0,0,0,0,0,0,0,,,
0.3,AATACTAGAGGTCTTCCGACTGCGCCATGATAGTCTTAACCCACCCGATCGTGTGGGCGGGAAGACAACTAGGGG,0.3000024,2.384185791015625e-06,0,0,0,0.3,0,0,0,0,0,0,0,0,,,
0.3,AATACTAGAGGTCTTCCGACTGCATAGTCTGTTCCGGCGGAGCGGTATGTGTGTGGGCGGGAAGACAACTAGGGG,0.30000108,1.0728836059570312e-06,0,0,0,0.3,0,0,0,0,0,0,0,0,,,
0.3,AATACTAGAGGTCTTCCGACCTATAGTGGATAGCACGAAGAGCCCACTCGGTGTGGGCGGGAAGACAACTAGGGG,0.30000222,2.205371856689453e-06,0,5,5,0.3,0,1,0,0,0,0,0,0,,,
0.3,AATACTAGAGGTCTTCCGACAGCTCTTGAGGCAACACTGCTACCTCCCCAGTGTGGGCGGGAAGACAACTAGGGG,0.29999804,1.96695327758789e-06,0,0,0,0.2,0,0,0,0,0,0,0,0,,,
0.3,AATACTAGAGGTCTTCCGACTAGAAGGAATCTTGAAGAGAACCCAGTTATGTGTGGGCGGGAAGACAACTAGGGG,0.29999125,8.761882781982422e-06,0,0,0,0.2,0,0,0,0,0,0,0,0,,,
0.3,AATACTAGAGGTCTTCCGACCAACGGCATGAGGTGCGAAAAGCTATAGGGGTGTGGGCGGGAAGACAACTAGGGG,0.30000055,5.364418029785156e-07,0,0,0,0.3,0,0,0,0,0,0,0,0,,,
0.3,AATACTAGAGGTCTTCCGACCTGAGCAGGATAGGGAGACCTATACGCAAAGTGTGGGCGGGAAGACAACTAGGGG,0.2999997,2.980232238769531e-07,0,0,0,0.2,0,0,0,0,0,0,0,0,,,
0.3,AATACTAGAGGTCTTCCGACGTATTATTCTGCTTGGTCAACCCTCAACAAGTGTGGGCGGGAAGACAACTAGGGG,0.3000004,3.5762786865234375e-07,0,5,5,0.3,0,1,0,0,0,0,0,0,,,
0.3,AATACTAGAGGTCTTCCGACGCTAACTTTGATCCCGACTAGGGACGAGAGGTGTGGGCGGGAAGACAACTAGGGG,0.30000007,5.960464477539064e-08,0,0,0,0.3,0,0,0,0,0,0,0,0,,,
0.3,AATACTAGAGGTCTTCCGACTCACCCCTAATTCGTCCTTTACTAGGGGTGGTGTGGGCGGGAAGACAACTAGGGG,0.30000156,1.5497207641601562e-06,0,0,0,0.3,0,0,0,0,0,0,0,0,,,
0.4,AATACTAGAGGTCTTCCGACACCATAATAAATCCCACTAGAGTAGAAAGGGTGTGGGCGGGAAGACAACTAGGGG,0.39998126,1.8715858459472656e-05,0,5,5,0.3,0,1,0,0,0,0,0,0,,,
0.4,AATACTAGAGGTCTTCCGACGAGTCAAAATCTGAGGATTGTATCTCAGAAGTGTGGGCGGGAAGACAACTAGGGG,0.3999986,1.430511474609375e-06,0,0,0,0.3,0,0,0,0,0,0,0,0,,,
0.4,AATACTAGAGGTCTTCCGACACTGAACTCCCATTGGTTCCTTGAACTAGAGTGTGGGCGGGAAGACAACTAGGGG,0.40000322,3.2186508178710938e-06,0,0,0,0.4,0,0,0,0,0,0,0,0,,,
0.4,AATACTAGAGGTCTTCCGACCCCGTAATAATCAGATGGATAAAATAATGCGTGTGGGCGGGAAGACAACTAGGGG,0.39999908,9.5367431640625e-07,0,13,13,0.3,0,3,0,0,0,3,0,2,,2.5,
0.4,AATACTAGAGGTCTTCCGACGATCCCTTATGCATATACTTGATAACCCGCGTGTGGGCGGGAAGACAACTAGGGG,0.39998788,1.2159347534179688e-05,5,5,10,0.3,1,1,0,0,0,0,0,0,,,
0.4,AATACTAGAGGTCTTCCGACTAGACACTGGTATTACAGGAGTGTCAAGAGGTGTGGGCGGGAAGACAACTAGGGG,0.4000093,9.298324584960938e-06,5,0,5,0.4,1,0,0,0,0,0,0,0,,,
0.4,AATACTAGAGGTCTTCCGACTTTTTATTCCTAAAGGGGGGCTGACAGTGGGTGTGGGCGGGAAGACAACTAGGGG,0.39999318,6.794929504394531e-06,5,0,5,0.3,1,0,0,0,0,0,0,0,,,
0.4,AATACTAGAGGTCTTCCGACCTTCCGGCTAGAATGAGCTGCCTTTCCGTAGTGTGGGCGGGAAGACAACTAGGGG,0.3999878,1.2218952178955078e-05,0,5,5,0.3,0,1,0,0,0,0,0,0,,,
0.4,AATACTAGAGGTCTTCCGACAGCGCCAATTTGTCATAAGTTTAGAAATAAGTGTGGGCGGGAAGACAACTAGGGG,0.4000004,3.5762786865234375e-07,5,0,5,0.4,1,0,0,0,0,0,0,0,,,
0.4,AATACTAGAGGTCTTCCGACACAAAGTATTTCAATATAGGTTTTCCTGTCGTGTGGGCGGGAAGACAACTAGGGG,0.39999777,2.264976501464844e-06,0,0,0,0.3,0,0,0,0,0,0,0,0,,,
0.4,AATACTAGAGGTCTTCCGACCCGCTAGATTTAGATAAAGCTGAGCTAGCTGTGTGGGCGGGAAGACAACTAGGGG,0.40000427,4.291534423828125e-06,0,0,0,0.4,0,0,0,0,0,0,0,0,,,
0.4,AATACTAGAGGTCTTCCGACACGGGAATCCGTTCAAGATAGCCAAAAACTGTGTGGGCGGGAAGACAACTAGGGG,0.40001,1.0013580322265623e-05,0,0,0,0.4,0,0,0,0,0,0,0,0,,,
0.4,AATACTAGAGGTCTTCCGACACATGTGTAAATTAATTCATAGGATTGAAGGTGTGGGCGGGAAGACAACTAGGGG,0.39999172,8.285045623779297e-06,0,0,0,0.3,0,0,0,0,0,0,0,0,,,
0.4,AATACTAGAGGTCTTCCGACAACTATGTTGACTTACCAAATCTCGCAGCAGTGTGGGCGGGAAGACAACTAGGGG,0.4000106,1.0609626770019531e-05,5,0,5,0.4,1,0,0,0,0,0,0,0,,,
0.4,AATACTAGAGGTCTTCCGACTTAGCCCTTGAGAGATTAATATCGGCGCATGTGTGGGCGGGAAGACAACTAGGGG,0.39999288,7.152557373046875e-06,5,0,5,0.3,1,0,0,0,0,0,0,0,,,
0.4,AATACTAGAGGTCTTCCGACTTGTAATAGTTAACGTCAGATGTAGTCGTTGTGTGGGCGGGAAGACAACTAGGGG,0.4000004,3.5762786865234375e-07,0,5,5,0.4,0,1,0,0,0,0,0,0,,,
0.4,AATACTAGAGGTCTTCCGACAGAATCTCAGTTCGAATTGGTGGTCAGAAGGTGTGGGCGGGAAGACAACTAGGGG,0.39999688,3.0994415283203125e-06,0,0,0,0.3,0,0,0,0,0,0,0,0,,,
0.4,AATACTAGAGGTCTTCCGACGGTACCCCGTATCTGATATTCTACGTCATAGTGTGGGCGGGAAGACAACTAGGGG,0.40000457,4.529953002929688e-06,0,0,0,0.4,0,0,0,0,0,0,0,0,,,
0.4,AATACTAGAGGTCTTCCGACAGTCGCACAGGGAATTCATTTGGGCGCGATGTGTGGGCGGGAAGACAACTAGGGG,0.39999592,4.0531158447265625e-06,0,0,0,0.3,0,0,0,0,0,0,0,0,,,
0.4,AATACTAGAGGTCTTCCGACTAACCAGGAGAAAAGTCAGACGTAGACCTGGTGTGGGCGGGAAGACAACTAGGGG,0.4000078,7.808208465576172e-06,0,0,0,0.4,0,0,0,0,0,0,0,0,,,
0.5,AATACTAGAGGTCTTCCGACTTTTTAAATGCTATACACTTAGTATTATTAGTGTGGGCGGGAAGACAACTAGGGG,0.49996924,3.075599670410156e-05,0,5,5,0.4,0,1,0,0,0,0,0,0,,,
0.5,AATACTAGAGGTCTTCCGACATGTCACGAGTATATTCTGTGATTTTTTAGGTGTGGGCGGGAAGACAACTAGGGG,0.49998444,1.5556812286376953e-05,0,5,5,0.4,0,1,0,0,0,0,0,0,,,
0.5,AATACTAGAGGTCTTCCGACAATGATTAAACTTGGATATGCTAGCGGTGAGTGTGGGCGGGAAGACAACTAGGGG,0.49999857,1.430511474609375e-06,0,0,0,0.4,0,0,0,0,0,0,0,0,,,
0.5,AATACTAGAGGTCTTCCGACTTCTGGAATATCGTGTATGGTATACCTTACGTGTGGGCGGGAAGACAACTAGGGG,0.49999958,4.172325134277344e-07,0,0,0,0.4,0,0,0,0,0,0,0,0,,,
0.5,AATACTAGAGGTCTTCCGACTAACCGGTGGGTTAAACCTTGATTCGTGTTGTGTGGGCGGGAAGACAACTAGGGG,0.49998283,1.71661376953125e-05,0,0,0,0.4,0,0,0,0,0,0,0,0,,,
0.5,AATACTAGAGGTCTTCCGACTATAATGGAGTTTTGAGGAATATCATATAAGTGTGGGCGGGAAGACAACTAGGGG,0.5000016,1.6093254089355469e-06,0,15,15,0.5,0,2,0,1,0,2,0,1,,6.5,
0.5,AATACTAGAGGTCTTCCGACATTCGGGATACAAAAAGTGTTGACATTCGTGTGTGGGCGGGAAGACAACTAGGGG,0.50000125,1.2516975402832031e-06,6,0,6,0.5,0,0,1,0,0,0,0,0,,,
0.5,AATACTAGAGGTCTTCCGACGTTTGGAACTATGTATTATCTTTGATCAAAGTGTGGGCGGGAAGACAACTAGGGG,0.49998844,1.156330108642578e-05,0,5,5,0.4,0,1,0,0,0,0,0,0,,,
0.5,AATACTAGAGGTCTTCCGACAACCTACTGATATAATAATGTGTCAGTTACGTGTGGGCGGGAAGACAACTAGGGG,0.5000074,7.390975952148437e-06,0,9,9,0.5,0,1,0,1,0,0,0,2,,-3.0,
0.5,AATACTAGAGGTCTTCCGACAGTATTGCTATATTCAAATTTAAAGGGTCCGTGTGGGCGGGAAGACAACTAGGGG,0.5000048,4.827976226806641e-06,0,5,5,0.5,0,1,0,0,0,0,0,0,,,
0.5,AATACTAGAGGTCTTCCGACATGCCGGTGATTCTCAAAATTTGACCGTGGGTGTGGGCGGGAAGACAACTAGGGG,0.50001484,1.4841556549072266e-05,5,0,5,0.5,1,0,0,0,0,0,0,0,,,
0.5,AATACTAGAGGTCTTCCGACACGTAACGTGATCCTAAAGTTTGTATAATTGTGTGGGCGGGAAGACAACTAGGGG,0.49999654,3.457069396972656e-06,0,6,6,0.4,0,0,0,1,0,0,0,0,,,
0.5,AATACTAGAGGTCTTCCGACCCGCAACCTATAAATATTTCTATTGCCTATGTGTGGGCGGGAAGACAACTAGGGG,0.5000222,2.2172927856445312e-05,0,5,5,0.5,0,1,0,0,0,0,0,0,,,
0.5,AATACTAGAGGTCTTCCGACTTAAAGTTCTACAGTAGCCTCTTTAATATAGTGTGGGCGGGAAGACAACTAGGGG,0.50003254,3.254413604736328e-05,0,9,9,0.5,0,2,0,0,0,2,0,1,,-1.0,
0.5,AATACTAGAGGTCTTCCGACTAAGCCTTCAAAAAATATTTTAGTTCGAACGTGTGGGCGGGAAGACAACTAGGGG,0.5000156,1.5616416931152344e-05,0,0,0,0.5,0,0,0,0,0,0,0,0,,,
0.5,AATACTAGAGGTCTTCCGACTTAGATCCGGGTTATTTCTTTATAGAAGGTGTGTGGGCGGGAAGACAACTAGGGG,0.5000142,1.4185905456542969e-05,0,0,0,0.5,0,0,0,0,0,0,0,0,,,
0.5,AATACTAGAGGTCTTCCGACACTGCGGCTATATTACACCTTAAAGCGAGTGTGTGGGCGGGAAGACAACTAGGGG,0.500022,2.199411392211914e-05,0,5,5,0.5,0,1,0,0,0,0,0,0,,,
0.5,AATACTAGAGGTCTTCCGACATGATTCTTTTATTATTAGATCCGCTATACGTGTGGGCGGGAAGACAACTAGGGG,0.50001955,1.9550323486328125e-05,0,5,5,0.5,0,1,0,0,0,0,0,0,,,
0.5,AATACTAGAGGTCTTCCGACTATACTTAGGCATAATATAGTTGAGGTAATGTGTGGGCGGGAAGACAACTAGGGG,0.50000584,5.841255187988281e-06,0,14,14,0.5,0,3,0,0,0,3,0,1,,1.5,
0.5,AATACTAGAGGTCTTCCGACTGAAAAATAGCTGAAAATGCTACATTTACGGTGTGGGCGGGAAGACAACTAGGGG,0.49999905,9.5367431640625e-07,0,0,0,0.4,0,0,0,0,0,0,0,0,,,
0.6000000000000001,AATACTAGAGGTCTTCCGACCTAAAACTTCTATTATAATCCTTTCTTACCGTGTGGGCGGGAAGACAACTAGGGG,0.6000292,2.9146671295166016e-05,0,9,9,0.6,0,1,0,1,0,0,0,2,,-3.0,
0.6000000000000001,AATACTAGAGGTCTTCCGACTTTTGATTGCTATAATGAGTGCAAATAACTGTGTGGGCGGGAAGACAACTAGGGG,0.59998995,1.0073184967041016e-05,0,6,6,0.5,0,0,0,1,0,0,0,0,,,
0.6000000000000001,AATACTAGAGGTCTTCCGACTTGAAACAAATATAATATTATCTTTTTTCGGTGTGGGCGGGAAGACAACTAGGGG,0.60000193,1.9073486328125e-06,5,10,15,0.6,1,1,0,1,0,0,0,1,,-1.0,4.0
0.6000000000000001,AATACTAGAGGTCTTCCGACAACGGGCCTATATAAACTGGTATAATAAGCGTGTGGGCGGGAAGACAACTAGGGG,0.5999735,2.6524066925048828e-05,0,11,11,0.5,0,1,0,1,0,0,0,0,,4.0,
0.6000000000000001,AATACTAGAGGTCTTCCGACAAAATAGCCGGTTTATGATATAGTATAATTGTGTGGGCGGGAAGACAACTAGGGG,0.5999733,2.6702880859375e-05,0,14,14,0.5,0,2,0,1,0,2,0,2,,-1.0,
0.6000000000000001,AATACTAGAGGTCTTCCGACTATTCGGATCATATATAGTTTATATTATTTGTGTGGGCGGGAAGACAACTAGGGG,0.5999685,3.153085708618164e-05,0,13,13,0.5,0,3,0,0,0,3,0,2,,-1.5,
0.6000000000000001,AATACTAGAGGTCTTCCGACTTGACATGCAAATAATAATGTATAAAGACTGTGTGGGCGGGAAGACAACTAGGGG,0.5999935,6.496906280517578e-06,6,13,19,0.5,0,3,1,0,0,3,0,2,,-1.0,4.0
0.6000000000000001,AATACTAGAGGTCTTCCGACTTGAAAAACCTGAAAAATTATATAAGTTTAGTGTGGGCGGGAAGACAACTAGGGG,0.59999305,6.973743438720703e-06,5,5,10,0.5,1,1,0,0,0,0,0,0,,,14.0
0.6000000000000001,AATACTAGAGGTCTTCCGACAAACTAGGTATATTACGATATAGAGCAAATGTGTGGGCGGGAAGACAACTAGGGG,0.60006666,6.663799285888672e-05,0,5,5,0.6,0,1,0,0,0,0,0,0,,,
0.6000000000000001,AATACTAGAGGTCTTCCGACTCTCTATGTATAATATTATTTCAAATATATGTGTGGGCGGGAAGACAACTAGGGG,0.60001844,1.8417835235595703e-05,0,10,10,0.6,0,1,0,1,0,0,0,1,,-1.0,
0.6000000000000001,AATACTAGAGGTCTTCCGACTTGAAAAAAAGAGGCTTTATTTGTATCAATGTGTGGGCGGGAAGACAACTAGGGG,0.59999555,4.470348358154297e-06,5,0,5,0.5,1,0,0,0,0,0,0,0,,,
0.6000000000000001,AATACTAGAGGTCTTCCGACTTCACTAATGGGTTATAATATATATGTCAGGTGTGGGCGGGAAGACAACTAGGGG,0.5999971,2.9206275939941406e-06,0,6,6,0.5,0,0,0,1,0,0,0,0,,,
0.6000000000000001,AATACTAGAGGTCTTCCGACACTCAACCTCGGATATTCTTTAATATCCGAGTGTGGGCGGGAAGACAACTAGGGG,0.6000034,3.3974647521972656e-06,0,5,5,0.6,0,1,0,0,0,0,0,0,,,
0.6000000000000001,AATACTAGAGGTCTTCCGACTGACAAACACGGCACCGAGTTATAATTAATGTGTGGGCGGGAAGACAACTAGGGG,0.5999992,8.344650268554688e-07,5,6,11,0.5,1,0,0,1,0,0,0,0,,,15.0
0.6000000000000001,AATACTAGAGGTCTTCCGACAAGGGGTAACATTGATAATAGGGAAGGTCTGTGTGGGCGGGAAGACAACTAGGGG,0.59998673,1.329183578491211e-05,5,5,10,0.5,1,1,0,0,0,0,0,0,,,
0.6000000000000001,AATACTAGAGGTCTTCCGACCCACCTTTCCGACTAAGTTTTATAATAGCCGTGTGGGCGGGAAGACAACTAGGGG,0.600001,9.5367431640625e-07,0,6,6,0.6,0,0,0,1,0,0,0,0,,,
0.6000000000000001,AATACTAGAGGTCTTCCGACTGACGGGTCTATTATATTTGCTTTAGCTACGTGTGGGCGGGAAGACAACTAGGGG,0.5999915,8.52346420288086e-06,0,8,8,0.5,0,2,0,0,0,2,0,2,,-3.0,
0.6000000000000001,AATACTAGAGGTCTTCCGACAATATGCTTATAGTATAATGATCTATTTTCGTGTGGGCGGGAAGACAACTAGGGG,0.6000073,7.271766662597656e-06,0,10,10,0.6,0,1,0,1,0,0,0,1,,-1.0,
0.6000000000000001,AATACTAGAGGTCTTCCGACAAATAACTCGATTGATAATGTTGAATCAATGTGTGGGCGGGAAGACAACTAGGGG,0.600036,3.600120544433594e-05,5,5,10,0.6,1,1,0,0,0,0,0,0,,,
0.6000000000000001,AATACTAGAGGTCTTCCGACTTACTATCTATAAATTAACTCAGCAGTGTAGTGTGGGCGGGAAGACAACTAGGGG,0.60000324,3.2186508178710938e-06,0,5,5,0.6,0,1,0,0,0,0,0,0,,,
0.7000000000000001,AATACTAGAGGTCTTCCGACTTGTATGATATTATAATCTATAAATAGATTGTGTGGGCGGGAAGACAACTAGGGG,0.6999974,2.562999725341797e-06,0,18,18,0.6,0,3,0,1,0,3,0,3,,-1.0,
0.7000000000000001,AATACTAGAGGTCTTCCGACTTGCGATTATTATAATAATTACCTTGAGACGTGTGGGCGGGAAGACAACTAGGGG,0.70000196,1.96695327758789e-06,5,12,17,0.7,1,2,0,1,0,2,0,4,,-3.0,
0.7000000000000001,AATACTAGAGGTCTTCCGACTTGACTATGATATTAGTATAACACTCACGGGTGTGGGCGGGAAGACAACTAGGGG,0.69997996,2.002716064453125e-05,5,10,15,0.6,1,2,0,0,0,2,0,0,,5.0,10.0
0.7000000000000001,AATACTAGAGGTCTTCCGACAAAGAGTGTGTGTAAAATGGTATACTTAGAGTGTGGGCGGGAAGACAACTAGGGG,0.6999819,1.806020736694336e-05,0,10,10,0.6,0,2,0,0,0,2,0,0,,2.0,
0.7000000000000001,AATACTAGAGGTCTTCCGACAAACAACCGGGTTTACTGTTTATAATAATTGTGTGGGCGGGAAGACAACTAGGGG,0.7000906,9.059906005859376e-05,0,9,9,0.7,0,1,0,1,0,0,0,2,,-3.0,
0.7000000000000001,AATACTAGAGGTCTTCCGACTTTTCGGAAACATTATAATTTATAATATCGGTGTGGGCGGGAAGACAACTAGGGG,0.70000106,1.0728836059570312e-06,0,12,12,0.7,0,0,0,2,0,0,0,0,,1.0,
0.7000000000000001,AATACTAGAGGTCTTCCGACTAGACAGCTATCGATTATGATATAATATAGGTGTGGGCGGGAAGACAACTAGGGG,0.70004195,4.1961669921875e-05,5,10,15,0.7,1,1,0,1,0,0,0,1,,-1.0,9.0
0.7000000000000001,AATACTAGAGGTCTTCCGACTTGACTAGGGTAGTAAATTATACAAGCCACGTGTGGGCGGGAAGACAACTAGGGG,0.69996995,3.0040740966796875e-05,5,0,5,0.6,1,0,0,0,0,0,0,0,,,
0.7000000000000001,AATACTAGAGGTCTTCCGACTTTCCAACGGGGCTATAATGTAGAATAACAGTGTGGGCGGGAAGACAACTAGGGG,0.70001173,1.1742115020751951e-05,0,11,11,0.7,0,1,0,1,0,0,0,0,,1.0,
0.7000000000000001,AATACTAGAGGTCTTCCGACTAACAAAGTATAATATTCTTTATAATCAATGTGTGGGCGGGAAGACAACTAGGGG,0.69997793,2.205371856689453e-05,0,12,12,0.6,0,0,0,2,0,0,0,0,,6.0,
0.7000000000000001,AATACTAGAGGTCTTCCGACTTGACACAGTAATATAATTTGTGTAAATCGGTGTGGGCGGGAAGACAACTAGGGG,0.6999317,6.830692291259766e-05,6,6,12,0.6,0,0,1,1,0,0,0,0,,,6.0
0.7000000000000001,AATACTAGAGGTCTTCCGACTTGACTCCTTTTGCTTAATGTATAATCTTAGTGTGGGCGGGAAGACAACTAGGGG,0.6999946,5.364418029785156e-06,5,6,11,0.6,1,0,0,1,0,0,0,0,,,14.0
0.7000000000000001,AATACTAGAGGTCTTCCGACAGACTCCCGCGTTATAATTCTATAATAATGGTGTGGGCGGGAAGACAACTAGGGG,0.70000815,8.165836334228516e-06,0,15,15,0.7,0,1,0,2,0,0,0,2,,-0.5,
0.7000000000000001,AATACTAGAGGTCTTCCGACTGACAAACCCTACTATGATGTATAATAAACGTGTGGGCGGGAAGACAACTAGGGG,0.70002186,2.187490463256836e-05,5,11,16,0.7,1,1,0,1,0,0,0,0,,1.0,8.0
0.7000000000000001,AATACTAGAGGTCTTCCGACATGGGTTATAAAATATAATTTGGTTAGACTGTGTGGGCGGGAAGACAACTAGGGG,0.69998586,1.4126300811767578e-05,0,13,13,0.6,0,2,0,1,0,2,0,3,,-2.5,
0.7000000000000001,AATACTAGAGGTCTTCCGACTGACCTACCGGATAATATATTATAATAGCTGTGTGGGCGGGAAGACAACTAGGGG,0.700015,1.5020370483398438e-05,0,15,15,0.7,0,3,0,1,0,3,0,6,,-2.6666666666666665,
0.7000000000000001,AATACTAGAGGTCTTCCGACAAACGAGTATGCTATAATTGGTATAGACGGGTGTGGGCGGGAAGACAACTAGGGG,0.7000203,2.0325183868408203e-05,0,6,6,0.7,0,0,0,1,0,0,0,0,,,
0.7000000000000001,AATACTAGAGGTCTTCCGACAGTCTATTATTATACTAGTATACTGTTTCTGTGTGGGCGGGAAGACAACTAGGGG,0.70006585,6.586313247680664e-05,0,16,16,0.7,0,4,0,0,0,4,0,4,,-1.3333333333333333,
0.7000000000000001,AATACTAGAGGTCTTCCGACTTTGTAGGAGCTTAATATAATATAATATTTGTGTGGGCGGGAAGACAACTAGGGG,0.7000136,1.3589859008789062e-05,0,11,11,0.7,0,0,0,2,0,0,0,1,,-1.0,
0.7000000000000001,AATACTAGAGGTCTTCCGACTTGAGAACCATAAAATATTCTATACTTAACGTGTGGGCGGGAAGACAACTAGGGG,0.70003,3.0040740966796875e-05,5,10,15,0.7,1,2,0,0,0,2,0,0,,4.0,4.0
0.8,AATACTAGAGGTCTTCCGACTTGACGGGTATAATAATGTATAATATGTTTGTGTGGGCGGGAAGACAACTAGGGG,0.7998743,0.0001257061958312,5,15,20,0.7,1,1,0,2,0,0,0,2,,-1.0,2.0
0.8,AATACTAGAGGTCTTCCGACATGCTATTATTATAATAAATCCCTTGAAATGTGTGGGCGGGAAGACAACTAGGGG,0.79920334,0.0007966756820678,5,12,17,0.7,1,2,0,1,0,2,0,4,,-3.0,
0.8,AATACTAGAGGTCTTCCGACTTGACAAAGATATTAAGCTATACATAGACTGTGTGGGCGGGAAGACAACTAGGGG,0.8000034,3.3974647521972656e-06,6,0,6,0.8,0,0,1,0,0,0,0,0,,,
0.8,AATACTAGAGGTCTTCCGACTGACGGGGTATTTAAAATGGTATACTTATAGTGTGGGCGGGAAGACAACTAGGGG,0.8003661,0.0003660917282104,0,15,15,0.8,0,3,0,0,0,3,0,0,,1.0,
0.8,AATACTAGAGGTCTTCCGACTGACAAACCGGTTTATTCTATATAATAAATGTGTGGGCGGGAAGACAACTAGGGG,0.7998533,0.0001466870307922,5,6,11,0.7,1,0,0,1,0,0,0,0,,,15.0
0.8,AATACTAGAGGTCTTCCGACTTTACGGATATAATATAATTTATAATACTTGTGTGGGCGGGAAGACAACTAGGGG,0.7997488,0.0002512335777282,0,17,17,0.7,0,0,0,3,0,0,0,1,,0.0,
0.8,AATACTAGAGGTCTTCCGACTTGACAAAGGTATATTATGCTATAATAAACGTGTGGGCGGGAAGACAACTAGGGG,0.8000025,2.5033950805664062e-06,6,14,20,0.8,0,2,1,1,0,2,0,2,,-1.0,4.0
0.8,AATACTAGAGGTCTTCCGACTTGACAAGGAAAGTATAATAGAATTATTATGTGTGGGCGGGAAGACAACTAGGGG,0.8000464,4.637241363525391e-05,6,15,21,0.8,0,2,1,1,0,2,0,1,,-0.5,7.0
0.8,AATACTAGAGGTCTTCCGACTTGACAGCTATATTATAATGTATACTTAGGGTGTGGGCGGGAAGACAACTAGGGG,0.8001143,0.0001142621040344,6,16,22,0.8,0,3,1,1,0,3,0,5,,-2.0,2.0
0.8,AATACTAGAGGTCTTCCGACTAACGGGGTATAATATAATTTATAATCTATGTGTGGGCGGGAAGACAACTAGGGG,0.8000771,7.706880569458008e-05,0,17,17,0.8,0,0,0,3,0,0,0,1,,0.0,
0.8,AATACTAGAGGTCTTCCGACTTGACAAAAAGGTTAAATTTATGTACAATGGTGTGGGCGGGAAGACAACTAGGGG,0.8002981,0.0002980828285217,6,5,11,0.8,0,1,1,0,0,0,0,0,,,17.0
0.8,AATACTAGAGGTCTTCCGACTTGACATATAATTATTATGGTATAATATCGGTGTGGGCGGGAAGACAACTAGGGG,0.79996824,3.17692756652832e-05,6,17,23,0.7,0,1,1,2,0,0,0,0,,1.0,0.0
0.8,AATACTAGAGGTCTTCCGACTGACAAACCGATCTATACTTTATAATCAAAGTGTGGGCGGGAAGACAACTAGGGG,0.7999897,1.0311603546142578e-05,5,11,16,0.7,1,1,0,1,0,0,0,0,,1.0,8.0
0.8,AATACTAGAGGTCTTCCGACTGACAAAGGATGGTATAATTTATAATACTGGTGTGGGCGGGAAGACAACTAGGGG,0.800112,0.0001119971275329,5,12,17,0.8,1,0,0,2,0,0,0,0,,1.0,8.0
0.8,AATACTAGAGGTCTTCCGACTTAAATTCTATAATATAATTTGCTTAGACTGTGTGGGCGGGAAGACAACTAGGGG,0.7914854,0.0085145831108093,0,11,11,0.7,0,0,0,2,0,0,0,1,,-1.0,
0.8,AATACTAGAGGTCTTCCGACTGACAAACCGAGTTATTATTTATACTAGCCGTGTGGGCGGGAAGACAACTAGGGG,0.79982644,0.0001735687255859,5,10,15,0.7,1,2,0,0,0,2,0,0,,1.0,8.0
0.8,AATACTAGAGGTCTTCCGACTTGATATTATGTTATAATTGGTATAGACACGTGTGGGCGGGAAGACAACTAGGGG,0.7698113,0.0301887392997741,10,11,21,0.7,2,1,0,1,2,0,0,0,17.0,2.0,6.0
0.8,AATACTAGAGGTCTTCCGACACTGTATTATTATAATTTTATACAACCTGGGTGTGGGCGGGAAGACAACTAGGGG,0.79204,0.007960021495819,0,12,12,0.7,0,2,0,1,0,2,0,4,,-3.0,
0.8,AATACTAGAGGTCTTCCGACTTGACTCGGGCAAAATATAGTATAATTATTGTGTGGGCGGGAAGACAACTAGGGG,0.8001678,0.0001677870750427,5,10,15,0.8,1,1,0,1,0,0,0,1,,-1.0,9.0
0.8,AATACTAGAGGTCTTCCGACTTGACTAGTATATTATATTTTATCATACCTGTGTGGGCGGGAAGACAACTAGGGG,0.80000854,8.52346420288086e-06,5,15,20,0.8,1,4,0,0,0,4,0,5,,-2.0,2.0
0.9,AATACTAGAGGTCTTCCGACTTGACTGCTATAATAATATATAATTAGAATGTGTGGGCGGGAAGACAACTAGGGG,0.81491953,0.0850804448127746,5,20,25,0.8,1,2,0,2,0,2,0,2,,-0.6666666666666666,2.0
0.9,AATACTAGAGGTCTTCCGACTTGACAAGGATATTAGGGTATAATTATTATGTGTGGGCGGGAAGACAACTAGGGG,0.8431972,0.056802749633789,6,11,17,0.8,0,1,1,1,0,0,0,0,,0.0,12.0
0.9,AATACTAGAGGTCTTCCGACTGACAGGATATTAAAATCCGTATAATTATAGTGTGGGCGGGAAGACAACTAGGGG,0.81295407,0.0870459079742431,5,16,21,0.8,1,2,0,1,0,2,0,0,,1.5,6.0
0.9,AATACTAGAGGTCTTCCGACTTGACAACCGGGTTATATTCTATAATAATAGTGTGGGCGGGAAGACAACTAGGGG,0.88594735,0.0140526294708251,6,14,20,0.8,0,2,1,1,0,2,0,2,,-1.0,7.0
0.9,AATACTAGAGGTCTTCCGACTTGACGGGTATAGTATAATGTATAATAATTGTGTGGGCGGGAAGACAACTAGGGG,0.84920067,0.0507993102073669,5,19,24,0.8,1,2,0,2,0,2,0,3,,-1.0,2.0
0.9,AATACTAGAGGTCTTCCGACTTGACAAGGGTATATTATTCTATAATAATAGTGTGGGCGGGAAGACAACTAGGGG,0.8488933,0.0511066913604736,6,17,23,0.8,0,3,1,1,0,3,0,4,,-1.6666666666666667,4.0
0.9,AATACTAGAGGTCTTCCGACTTGACAAGGATATTATATTATAATTACAATGTGTGGGCGGGAAGACAACTAGGGG,0.81465197,0.0853480100631713,6,19,25,0.8,0,4,1,1,0,4,0,6,,-2.5,4.0
0.9,AATACTAGAGGTCTTCCGACTTGACTGATAAGGTATAATGTATACTTATCGTGTGGGCGGGAAGACAACTAGGGG,0.8624566,0.0375433564186096,5,11,16,0.8,1,1,0,1,0,0,0,0,,1.0,7.0
0.9,AATACTAGAGGTCTTCCGACTTGACGGCTATAATATAATGTATAATCTCTGTGTGGGCGGGAAGACAACTAGGGG,0.8531963,0.0468036532402038,5,17,22,0.8,1,0,0,3,0,0,0,1,,0.0,2.0
0.9,AATACTAGAGGTCTTCCGACTTGACAAAACGGTTAAATTTATGTACAATGGTGTGGGCGGGAAGACAACTAGGGG,0.80654,0.0934599637985229,6,5,11,0.8,0,1,1,0,0,0,0,0,,,17.0
0.9,AATACTAGAGGTCTTCCGACTTGACTTATAAATAATTGGGTATAATAATAGTGTGGGCGGGAAGACAACTAGGGG,0.82884985,0.0711501240730285,5,19,24,0.8,1,3,0,1,0,3,0,2,,-0.3333333333333333,0.0
0.9,AATACTAGAGGTCTTCCGACTTGACAACCGAGTTATAATTTATAATAATAGTGTGGGCGGGAAGACAACTAGGGG,0.88546246,0.0145375132560729,6,15,21,0.8,0,1,1,2,0,0,0,2,,-1.0,7.0
0.9,AATACTAGAGGTCTTCCGACTGACAAAGTAAGGTATAATTTATAATAATTGTGTGGGCGGGAAGACAACTAGGGG,0.83818495,0.0618150234222412,5,15,20,0.8,1,1,0,2,0,0,0,2,,-1.0,8.0
0.9,AATACTAGAGGTCTTCCGACTGACAAACCGGGTTATATTCTATAATAATAGTGTGGGCGGGAAGACAACTAGGGG,0.87004805,0.0299519300460815,5,14,19,0.8,1,2,0,1,0,2,0,2,,-1.0,8.0
0.9,AATACTAGAGGTCTTCCGACTTGACTCGGGAGGTATATGATATAATAATAGTGTGGGCGGGAAGACAACTAGGGG,0.87245953,0.0275404453277587,5,13,18,0.8,1,2,0,1,0,2,0,3,,-2.0,9.0
0.9,AATACTAGAGGTCTTCCGACTTGACAACCATATTAAATTTTATAATAATAGTGTGGGCGGGAAGACAACTAGGGG,0.8635074,0.0364925861358642,6,9,15,0.8,0,1,1,1,0,0,0,2,,-3.0,14.0
1.0,AATACTAGAGGTCTTCCGACTTGACAAAACCAGTTTATGCTATAATAATAGTGTGGGCGGGAAGACAACTAGGGG,0.9239186,0.0760813951492309,6,9,15,0.9,0,1,1,1,0,0,0,2,,-3.0,14.0
